Modelo,Chi-Squared (CHIP),Standard Model Error (SME)
Lambda-CDM,7431.815501793304,306.8758150891417
Dinámica Relativista,7435.579050421919,306.8881719880082
