Model,Chi²_Total,MSE_Total
ΛCDM,486105.8584550074,2361605.0874721166
DK-RD2 (DES),494937.67096934863,2474837.454409886
DK-RD2 (Planck),494937.67096934863,2474837.454409886
