{
  "total_redshifts": 54044,
  "chi2": 92147.13229495629,
  "rmse": 1.3057714519495556,
  "rmse_by_z_bin": {
    "(0.0, 0.5]": 0.6668636711846315,
    "(0.5, 1.0]": 1.0858646415309565,
    "(1.0, 1.5]": 1.4332077185077265,
    "(1.5, 2.0]": 1.725005116358821,
    "(2.0, 2.5]": 2.0433493406319445,
    "(2.5, 3.0]": 2.2905709007537682,
    "(3.0, 3.5]": 2.5088840339255274,
    "(3.5, 4.0]": 2.713241541582041
  }
}